address,name,size,calls,called_by,decompiled
0000:70d2,FUN_0000_70d2,34,0,0,0
1000:0000,entry_1000_0000,130,3,0,1
1000:0082,FUN_1000_0082,2,0,1,1
1000:0182,thunk_FUN_1000_191a,3,0,0,1
1000:018c,FUN_1000_018c,31,0,1,1
1000:01be,FUN_1000_01be,82,3,1,1
1000:0210,FUN_1000_0210,13,0,0,1
1000:021d,FUN_1000_021d,5,0,0,1
1000:0222,FUN_1000_0222,28,0,0,1
1000:0249,FUN_1000_0249,6,0,0,1
1000:0250,FUN_1000_0250,12,0,1,1
1000:0271,FUN_1000_0271,22,0,0,1
1000:0287,FUN_1000_0287,1,0,0,1
1000:029d,FUN_1000_029d,15,0,0,1
1000:02ac,FUN_1000_02ac,30,0,0,1
1000:02ca,FUN_1000_02ca,326,0,0,1
1000:02e8,FUN_1000_02e8,12,0,0,1
1000:054a,FUN_1000_054a,140,12,0,1
1000:06bf,FUN_1000_06bf,4,0,1,1
1000:06ed,FUN_1000_06ed,98,0,0,1
1000:074f,thunk_FUN_1000_0757,2,0,1,1
1000:0757,FUN_1000_0757,19,2,0,1
1000:076a,FUN_1000_076a,2,0,1,1
1000:076c,FUN_1000_076c,3,0,0,1
1000:077d,FUN_1000_077d,10,0,1,1
1000:079b,FUN_1000_079b,20,0,1,1
1000:07af,FUN_1000_07af,83,0,0,1
1000:0820,FUN_1000_0820,12,0,1,1
1000:082c,FUN_1000_082c,8,0,1,1
1000:0834,FUN_1000_0834,39,2,1,1
1000:089b,FUN_1000_089b,2,0,0,1
1000:089f,FUN_1000_089f,4,0,1,1
1000:08ae,FUN_1000_08ae,73,1,1,1
1000:08f7,FUN_1000_08f7,127,1,0,1
1000:0984,FUN_1000_0984,5,0,1,1
1000:0a14,FUN_1000_0a14,50,0,0,1
1000:0ac1,FUN_1000_0ac1,145,3,0,1
1000:0bde,FUN_1000_0bde,186,4,1,1
1000:0c72,FUN_1000_0c72,46,1,0,1
1000:0cca,FUN_1000_0cca,37,0,1,1
1000:0cf2,FUN_1000_0cf2,22,0,0,1
1000:0cfe,FUN_1000_0cfe,68,2,1,1
1000:0d42,FUN_1000_0d42,60,3,0,1
1000:0dcd,FUN_1000_0dcd,6,0,1,1
1000:0dd7,FUN_1000_0dd7,3,0,1,1
1000:0dff,FUN_1000_0dff,167,5,1,1
1000:0eb7,FUN_1000_0eb7,27,0,1,1
1000:0efe,FUN_1000_0efe,4,0,1,1
1000:0f02,FUN_1000_0f02,5,0,1,1
1000:0f08,FUN_1000_0f08,13,0,1,1
1000:0f31,thunk_FUN_0000_70d2,5,0,0,0
1000:0f7e,FUN_1000_0f7e,13,0,0,1
1000:0ffc,FUN_1000_0ffc,24,3,1,1
1000:1044,FUN_1000_1044,1,0,0,1
1000:10f9,FUN_1000_10f9,3,0,1,1
1000:1225,FUN_1000_1225,9,1,0,1
1000:122e,FUN_1000_122e,62,1,1,1
1000:1285,FUN_1000_1285,3,0,0,1
1000:129b,FUN_1000_129b,1,0,0,1
1000:129e,FUN_1000_129e,5,1,0,1
1000:12a3,FUN_1000_12a3,21,1,1,1
1000:12c2,FUN_1000_12c2,22,0,0,1
1000:1302,FUN_1000_1302,71,0,1,1
1000:1346,FUN_1000_1346,43,0,1,1
1000:1371,FUN_1000_1371,18,0,1,1
1000:1388,FUN_1000_1388,23,0,1,1
1000:13a2,FUN_1000_13a2,85,1,1,1
1000:13f4,FUN_1000_13f4,50,3,1,1
1000:1460,FUN_1000_1460,105,1,1,1
1000:14bb,FUN_1000_14bb,31,0,1,1
1000:14da,FUN_1000_14da,10,0,1,1
1000:14e4,FUN_1000_14e4,15,0,1,1
1000:16c6,FUN_1000_16c6,36,1,0,1
1000:16eb,FUN_1000_16eb,55,2,1,1
1000:171f,FUN_1000_171f,8,1,1,1
1000:174b,FUN_1000_174b,39,2,1,1
1000:1751,FUN_1000_1751,131,2,0,1
1000:1845,FUN_1000_1845,210,8,1,1
1000:191a,FUN_1000_191a,58,3,0,1
1000:1968,FUN_1000_1968,3,0,0,1
1000:196f,FUN_1000_196f,7,0,1,1
1000:1982,FUN_1000_1982,205,10,2,1
1000:1a90,FUN_1000_1a90,159,5,1,1
1000:1c91,FUN_1000_1c91,96,1,0,1
1000:1cc3,FUN_1000_1cc3,224,7,0,1
1000:1e3f,FUN_1000_1e3f,177,9,0,1
1000:1fdf,FUN_1000_1fdf,6,1,1,1
1000:2002,thunk_EXT_FUN_d000_751b,5,0,1,1
1000:2025,FUN_1000_2025,9,0,0,1
1000:20ae,FUN_1000_20ae,141,11,1,1
1000:2132,FUN_1000_2132,50,0,0,1
1000:21ea,FUN_1000_21ea,3,0,0,1
1000:2406,FUN_1000_2406,8,0,1,1
1000:2425,FUN_1000_2425,119,4,1,1
1000:25f8,FUN_1000_25f8,123,0,1,1
1000:2703,FUN_1000_2703,17,0,1,1
1000:2796,FUN_1000_2796,11,0,0,1
1000:27a1,FUN_1000_27a1,5,1,1,1
1000:27c0,FUN_1000_27c0,4,0,0,1
1000:27c5,FUN_1000_27c5,59,1,0,1
1000:2822,FUN_1000_2822,4,0,0,1
1000:2828,FUN_1000_2828,3,0,0,1
1000:282e,FUN_1000_282e,17,1,1,1
1000:2895,FUN_1000_2895,81,0,0,1
1000:28d7,FUN_1000_28d7,5,0,0,1
1000:28dc,FUN_1000_28dc,16,0,0,1
1000:2918,FUN_1000_2918,8,0,0,1
1000:2923,FUN_1000_2923,5,0,1,1
1000:2928,FUN_1000_2928,8,0,0,1
1000:2930,FUN_1000_2930,35,0,0,1
1000:2953,FUN_1000_2953,14,0,0,1
1000:2983,FUN_1000_2983,39,0,0,1
1000:29aa,FUN_1000_29aa,6,0,1,1
1000:29c6,FUN_1000_29c6,8,1,0,1
1000:29db,FUN_1000_29db,6,0,0,1
1000:29dd,FUN_1000_29dd,10,0,0,1
1000:29e7,FUN_1000_29e7,4,0,0,1
1000:2a9c,FUN_1000_2a9c,80,0,0,1
1000:2af5,FUN_1000_2af5,487,4,1,1
1000:2c1c,FUN_1000_2c1c,3,0,1,1
1000:2d39,FUN_1000_2d39,25,0,0,1
1000:2ea2,FUN_1000_2ea2,17,0,0,1
1000:2ef4,FUN_1000_2ef4,1,0,0,1
1000:2ef6,FUN_1000_2ef6,11,0,0,1
1000:2f02,FUN_1000_2f02,3,0,0,1
1000:2f08,FUN_1000_2f08,8,0,1,1
1000:2f10,FUN_1000_2f10,154,3,1,1
1000:2fa9,FUN_1000_2fa9,61,0,0,0
1000:2fef,FUN_1000_2fef,2,0,1,0
1000:2ffd,FUN_1000_2ffd,5,0,0,0
1000:3013,FUN_1000_3013,80,0,1,0
1000:3094,FUN_1000_3094,604,12,1,1
1000:32fe,FUN_1000_32fe,40,0,1,1
1000:334c,FUN_1000_334c,3,0,2,1
1000:334f,FUN_1000_334f,27,2,1,1
1000:336a,FUN_1000_336a,16,0,1,1
1000:33a7,FUN_1000_33a7,24,0,1,1
1000:33bf,FUN_1000_33bf,20,0,1,1
1000:33d3,FUN_1000_33d3,44,1,1,1
1000:33ff,FUN_1000_33ff,6,0,1,1
1000:342c,FUN_1000_342c,16,0,1,1
1000:343c,FUN_1000_343c,107,0,0,1
1000:34d1,thunk_FUN_1000_3656,3,0,1,1
1000:34d8,FUN_1000_34d8,31,0,1,1
1000:34f7,FUN_1000_34f7,18,0,1,1
1000:3511,FUN_1000_3511,7,0,1,1
1000:3532,FUN_1000_3532,5,0,1,1
1000:3539,FUN_1000_3539,1,0,1,1
1000:353b,FUN_1000_353b,2,0,1,1
1000:353d,FUN_1000_353d,2,0,0,1
1000:353f,FUN_1000_353f,30,0,0,1
1000:355d,FUN_1000_355d,12,0,0,1
1000:356b,FUN_1000_356b,12,0,1,1
1000:356e,thunk_FUN_1000_3656,3,0,1,1
1000:3575,thunk_FUN_1000_3656,3,0,0,1
1000:3578,FUN_1000_3578,14,0,0,1
1000:3586,FUN_1000_3586,16,0,0,1
1000:359d,FUN_1000_359d,13,1,0,1
1000:35c6,FUN_1000_35c6,5,0,1,1
1000:35cd,FUN_1000_35cd,6,0,1,1
1000:35d3,FUN_1000_35d3,32,2,0,1
1000:3607,FUN_1000_3607,12,0,0,1
1000:3617,FUN_1000_3617,9,0,0,1
1000:363e,FUN_1000_363e,18,0,0,1
1000:3651,FUN_1000_3651,5,0,0,1
1000:3656,FUN_1000_3656,16,0,0,1
1000:366d,FUN_1000_366d,21,0,0,1
1000:3682,FUN_1000_3682,15,1,0,1
1000:3692,FUN_1000_3692,2,0,0,1
1000:3694,FUN_1000_3694,6,0,0,1
1000:369b,FUN_1000_369b,36,1,1,1
1000:36bf,FUN_1000_36bf,26,0,0,1
1000:36e4,FUN_1000_36e4,5,0,0,1
1000:36e9,FUN_1000_36e9,11,1,0,1
1000:36f5,FUN_1000_36f5,13,0,1,1
1000:3706,FUN_1000_3706,4,1,0,1
1000:3716,FUN_1000_3716,3,0,1,1
1000:371a,FUN_1000_371a,7,0,1,1
1000:3721,FUN_1000_3721,14,0,1,1
1000:372f,FUN_1000_372f,35,0,0,1
1000:3752,FUN_1000_3752,17,0,0,1
1000:3763,FUN_1000_3763,4,0,0,1
1000:3769,FUN_1000_3769,39,0,1,1
1000:3790,FUN_1000_3790,10,0,0,1
1000:379a,FUN_1000_379a,105,0,0,1
1000:3806,FUN_1000_3806,3,0,1,1
1000:3809,FUN_1000_3809,5,0,2,1
1000:3815,FUN_1000_3815,24,0,1,1
1000:382d,FUN_1000_382d,47,0,0,1
1000:3842,FUN_1000_3842,1,0,0,1
1000:3852,FUN_1000_3852,4,0,0,1
1000:3884,FUN_1000_3884,14,0,1,1
1000:3892,FUN_1000_3892,22,0,0,1
1000:38a8,FUN_1000_38a8,11,0,0,1
1000:38b6,FUN_1000_38b6,21,0,1,1
1000:38cb,FUN_1000_38cb,19,0,0,1
1000:38de,FUN_1000_38de,5,1,1,1
1000:38ed,FUN_1000_38ed,33,0,1,1
1000:3914,FUN_1000_3914,132,1,1,1
1000:3925,FUN_1000_3925,23,0,0,1
1000:39b6,FUN_1000_39b6,50,1,0,1
1000:39e9,FUN_1000_39e9,3,0,1,1
1000:39ec,FUN_1000_39ec,49,0,0,1
1000:3a1d,FUN_1000_3a1d,50,0,0,1
1000:3a4f,FUN_1000_3a4f,111,0,0,1
1000:3b4b,FUN_1000_3b4b,32,0,1,1
1000:3b5a,FUN_1000_3b5a,1,0,1,1
1000:3b6d,FUN_1000_3b6d,25,0,1,1
1000:3b86,FUN_1000_3b86,35,0,0,1
1000:3be7,FUN_1000_3be7,57,2,1,0
1000:3c00,thunk_FUN_1000_3c03,2,0,0,1
1000:3c03,FUN_1000_3c03,16,1,0,1
1000:3c1a,FUN_1000_3c1a,1,0,1,1
1000:3c36,FUN_1000_3c36,44,1,0,1
1000:3c62,FUN_1000_3c62,48,0,2,1
1000:3c94,FUN_1000_3c94,61,1,1,1
1000:3cba,FUN_1000_3cba,9,0,1,1
1000:3cc4,FUN_1000_3cc4,18,0,1,1
1000:3cd6,FUN_1000_3cd6,69,0,0,1
1000:3d58,FUN_1000_3d58,11,0,1,1
1000:3dc0,FUN_1000_3dc0,141,3,1,1
1000:3e1b,FUN_1000_3e1b,1,0,1,1
1000:3e2e,FUN_1000_3e2e,2,0,1,1
1000:3ec3,FUN_1000_3ec3,58,3,2,1
1000:3efd,FUN_1000_3efd,2,0,1,1
1000:3eff,FUN_1000_3eff,28,1,0,1
1000:3f40,FUN_1000_3f40,87,0,1,1
1000:3fa7,FUN_1000_3fa7,55,3,0,1
1000:3fde,FUN_1000_3fde,22,1,0,1
1000:402c,FUN_1000_402c,82,2,0,1
1000:4083,FUN_1000_4083,1,0,1,1
1000:4086,FUN_1000_4086,170,1,0,1
1000:416c,FUN_1000_416c,27,0,1,1
1000:41ca,FUN_1000_41ca,156,2,0,1
1000:4307,FUN_1000_4307,80,0,0,1
1000:434e,FUN_1000_434e,15,0,1,1
1000:435f,FUN_1000_435f,63,1,1,1
1000:4399,FUN_1000_4399,8,0,0,1
1000:43b4,FUN_1000_43b4,28,1,1,1
1000:43d0,FUN_1000_43d0,8,0,0,1
1000:4434,FUN_1000_4434,4,0,1,1
1000:444b,FUN_1000_444b,69,4,0,1
1000:4490,FUN_1000_4490,42,0,1,1
1000:44be,FUN_1000_44be,2,0,1,1
1000:44c0,FUN_1000_44c0,43,2,1,1
1000:44eb,FUN_1000_44eb,43,0,0,1
1000:4516,FUN_1000_4516,23,1,1,1
1000:452d,FUN_1000_452d,18,0,1,1
1000:453f,FUN_1000_453f,17,2,1,1
1000:4550,FUN_1000_4550,21,0,1,1
1000:4565,FUN_1000_4565,13,0,0,1
1000:457d,FUN_1000_457d,45,0,0,1
1000:45ac,FUN_1000_45ac,2,0,0,1
1000:45bf,FUN_1000_45bf,8,0,1,1
1000:45c7,FUN_1000_45c7,9,0,1,1
1000:45d0,FUN_1000_45d0,11,0,1,1
1000:45db,FUN_1000_45db,12,0,1,1
1000:4616,FUN_1000_4616,8,0,1,1
1000:462f,FUN_1000_462f,74,3,1,1
1000:4679,FUN_1000_4679,19,0,0,1
1000:4693,FUN_1000_4693,50,3,1,1
1000:46ef,FUN_1000_46ef,18,1,0,1
1000:4719,FUN_1000_4719,26,1,0,1
1000:4754,FUN_1000_4754,6,0,1,1
1000:475c,FUN_1000_475c,34,1,1,1
1000:47ab,thunk_FUN_1000_47c8,4,0,1,1
1000:47c8,FUN_1000_47c8,132,6,0,1
1000:489d,thunk_FUN_1000_49f8,3,0,0,1
1000:48a5,FUN_1000_48a5,15,0,1,1
1000:48ac,FUN_1000_48ac,4,0,0,1
1000:4919,FUN_1000_4919,13,0,0,1
1000:493c,FUN_1000_493c,7,0,1,1
1000:4946,FUN_1000_4946,8,0,1,1
1000:494f,FUN_1000_494f,14,0,1,1
1000:4962,FUN_1000_4962,24,0,1,1
1000:4980,FUN_1000_4980,5,0,0,1
1000:499c,FUN_1000_499c,3,0,0,1
1000:49a2,FUN_1000_49a2,16,1,0,1
1000:49c4,FUN_1000_49c4,11,0,0,1
1000:49cf,FUN_1000_49cf,9,0,0,1
1000:49e2,FUN_1000_49e2,5,0,1,1
1000:49e9,FUN_1000_49e9,7,0,0,1
1000:49f0,FUN_1000_49f0,1,0,0,1
1000:49f2,FUN_1000_49f2,1,0,0,1
1000:49f4,FUN_1000_49f4,4,0,2,1
1000:49f8,FUN_1000_49f8,7,2,0,1
1000:49ff,FUN_1000_49ff,1,0,0,1
1000:4a0b,FUN_1000_4a0b,58,1,1,1
1000:4b03,FUN_1000_4b03,19,0,1,0
1000:4b16,FUN_1000_4b16,11,0,0,1
1000:4b21,FUN_1000_4b21,28,1,1,1
1000:4b3d,FUN_1000_4b3d,55,0,1,1
1000:4b74,FUN_1000_4b74,4,0,1,1
1000:4b82,FUN_1000_4b82,14,0,1,1
1000:4b90,FUN_1000_4b90,41,1,1,1
1000:4bb9,FUN_1000_4bb9,200,6,0,1
1000:4c87,FUN_1000_4c87,7,1,0,1
1000:4cdc,FUN_1000_4cdc,54,2,0,1
1000:4d63,FUN_1000_4d63,6,0,0,1
1000:4de7,FUN_1000_4de7,46,2,0,1
1000:4e06,FUN_1000_4e06,38,0,0,1
1000:4e2c,FUN_1000_4e2c,16,1,0,1
1000:4e56,FUN_1000_4e56,1,0,0,1
1000:4ebd,FUN_1000_4ebd,54,1,0,1
1000:4eed,FUN_1000_4eed,25,0,0,1
1000:4f06,FUN_1000_4f06,1,0,0,1
1000:4f4a,FUN_1000_4f4a,3,0,1,1
1000:4f5a,FUN_1000_4f5a,14,0,0,1
1000:4f62,FUN_1000_4f62,47,2,0,1
1000:4f92,FUN_1000_4f92,49,1,1,1
1000:4fc5,FUN_1000_4fc5,36,0,1,1
1000:4ff1,FUN_1000_4ff1,8,0,0,1
1000:4ff9,FUN_1000_4ff9,44,3,1,1
1000:502f,FUN_1000_502f,4,0,0,1
1000:503d,FUN_1000_503d,9,0,0,1
1000:5048,FUN_1000_5048,3,0,0,1
1000:504b,FUN_1000_504b,59,3,0,1
1000:5079,FUN_1000_5079,13,1,1,1
1000:509f,FUN_1000_509f,57,1,0,1
1000:53aa,FUN_1000_53aa,40,0,0,1
1000:53d6,FUN_1000_53d6,33,0,1,1
1000:54fb,FUN_1000_54fb,12,1,1,1
1000:5507,FUN_1000_5507,90,1,1,1
1000:558a,FUN_1000_558a,58,0,0,1
1000:559b,FUN_1000_559b,14,1,1,1
1000:55c6,FUN_1000_55c6,13,0,0,1
1000:55d3,FUN_1000_55d3,5,0,0,1
1000:55e6,FUN_1000_55e6,12,0,0,1
1000:55f4,FUN_1000_55f4,5,0,0,1
1000:55f9,FUN_1000_55f9,16,0,1,1
1000:5609,FUN_1000_5609,9,0,1,1
1000:5612,FUN_1000_5612,12,0,0,1
1000:5622,FUN_1000_5622,11,0,1,1
1000:562d,FUN_1000_562d,2,0,0,1
1000:562f,FUN_1000_562f,5,0,0,1
1000:5634,FUN_1000_5634,8,0,0,1
1000:563c,FUN_1000_563c,5,0,1,1
1000:5641,FUN_1000_5641,3,0,0,1
1000:5644,FUN_1000_5644,45,2,1,1
1000:566a,FUN_1000_566a,13,1,0,1
1000:5677,FUN_1000_5677,5,0,1,1
1000:567c,FUN_1000_567c,9,0,1,1
1000:5685,FUN_1000_5685,19,0,1,1
1000:56a1,FUN_1000_56a1,2,0,1,1
1000:56a3,FUN_1000_56a3,23,0,0,1
1000:56d7,FUN_1000_56d7,2,0,1,1
1000:56d9,FUN_1000_56d9,57,2,1,1
1000:5712,FUN_1000_5712,11,0,1,1
1000:573a,FUN_1000_573a,35,0,0,1
1000:575e,FUN_1000_575e,14,1,1,1
1000:576c,FUN_1000_576c,21,0,1,1
1000:5782,FUN_1000_5782,9,0,2,1
1000:578e,FUN_1000_578e,13,0,1,1
1000:5820,FUN_1000_5820,24,2,1,1
1000:5838,FUN_1000_5838,87,5,1,1
1000:588f,FUN_1000_588f,18,0,0,1
1000:58a1,FUN_1000_58a1,44,0,0,1
1000:58dc,FUN_1000_58dc,56,1,0,1
1000:5917,FUN_1000_5917,4,0,0,1
1000:591b,FUN_1000_591b,27,0,0,1
1000:5936,FUN_1000_5936,3,0,0,1
1000:5939,FUN_1000_5939,15,0,0,1
1000:5948,FUN_1000_5948,10,0,0,1
1000:5952,FUN_1000_5952,32,0,0,1
1000:5978,FUN_1000_5978,16,0,0,1
1000:5988,FUN_1000_5988,16,0,0,1
1000:59b2,FUN_1000_59b2,7,0,2,1
1000:59b7,FUN_1000_59b7,28,0,0,1
1000:59d3,FUN_1000_59d3,13,0,0,1
1000:59e0,FUN_1000_59e0,13,0,1,1
1000:59ed,FUN_1000_59ed,6,0,0,1
1000:59f3,FUN_1000_59f3,12,0,0,1
1000:5a02,FUN_1000_5a02,43,0,1,1
1000:5a2d,FUN_1000_5a2d,6,0,1,1
1000:5a33,FUN_1000_5a33,12,0,1,1
1000:5a3f,FUN_1000_5a3f,21,0,0,1
1000:5a4b,FUN_1000_5a4b,2,0,1,1
1000:5a4f,FUN_1000_5a4f,2,0,0,1
1000:5a67,FUN_1000_5a67,5,0,1,1
1000:5a6c,FUN_1000_5a6c,23,1,1,1
1000:5a85,FUN_1000_5a85,45,2,1,1
1000:5ab2,FUN_1000_5ab2,4,0,1,1
1000:5ab6,FUN_1000_5ab6,3,0,1,1
1000:5ab9,FUN_1000_5ab9,1,0,1,1
1000:5aba,FUN_1000_5aba,2,0,1,1
1000:5abc,FUN_1000_5abc,19,0,2,1
1000:5acf,FUN_1000_5acf,17,2,1,1
1000:5b27,FUN_1000_5b27,16,2,1,1
1000:5b5e,FUN_1000_5b5e,2,0,0,1
1000:5b61,FUN_1000_5b61,3,0,0,1
1000:5b6a,FUN_1000_5b6a,21,0,1,1
1000:5b82,FUN_1000_5b82,3,0,1,1
1000:5b85,FUN_1000_5b85,9,0,0,1
1000:5b91,FUN_1000_5b91,12,0,0,1
1000:5b9e,FUN_1000_5b9e,1,0,1,1
1000:5ba1,FUN_1000_5ba1,7,0,1,1
1000:5ba3,FUN_1000_5ba3,23,0,0,1
1000:5bbb,FUN_1000_5bbb,25,0,1,1
1000:5bdb,FUN_1000_5bdb,5,0,0,1
1000:5be1,FUN_1000_5be1,9,0,1,1
1000:5bec,FUN_1000_5bec,13,0,0,1
1000:5bfc,FUN_1000_5bfc,24,1,1,1
1000:5c14,FUN_1000_5c14,26,0,1,1
1000:5c30,FUN_1000_5c30,9,0,1,1
1000:5c39,FUN_1000_5c39,10,0,1,1
1000:5c43,FUN_1000_5c43,44,0,1,1
1000:5c72,FUN_1000_5c72,9,0,1,1
1000:5c7d,FUN_1000_5c7d,10,0,1,1
1000:5c87,FUN_1000_5c87,13,0,1,1
1000:5c94,FUN_1000_5c94,2,0,0,1
1000:5c96,FUN_1000_5c96,9,1,1,1
1000:5c9f,FUN_1000_5c9f,10,0,1,1
1000:5ca9,FUN_1000_5ca9,2,0,0,1
1000:5cab,FUN_1000_5cab,1,0,0,1
1000:5cac,FUN_1000_5cac,5,0,1,1
1000:5cb1,FUN_1000_5cb1,18,0,1,1
1000:5cc3,FUN_1000_5cc3,3,0,1,1
1000:5cc6,FUN_1000_5cc6,2,0,1,1
1000:5cdf,FUN_1000_5cdf,15,0,0,1
1000:5ce3,FUN_1000_5ce3,3,0,0,1
1000:5cef,FUN_1000_5cef,12,0,1,1
1000:5cfb,FUN_1000_5cfb,30,0,1,1
1000:5d19,FUN_1000_5d19,10,0,1,1
1000:5d23,FUN_1000_5d23,1,0,0,1
1000:5d30,FUN_1000_5d30,18,0,0,1
1000:5d4f,FUN_1000_5d4f,4,0,1,1
1000:5d53,FUN_1000_5d53,5,0,0,1
1000:5d58,FUN_1000_5d58,14,0,0,1
1000:5d66,FUN_1000_5d66,20,0,1,1
1000:5d7a,FUN_1000_5d7a,13,0,0,1
1000:5d8d,FUN_1000_5d8d,12,0,0,1
1000:5da4,FUN_1000_5da4,72,0,1,1
1000:5de5,FUN_1000_5de5,30,0,0,1
1000:5e03,FUN_1000_5e03,6,0,1,1
1000:5e09,FUN_1000_5e09,1,0,1,1
1000:5e0b,FUN_1000_5e0b,29,0,1,1
1000:5e45,FUN_1000_5e45,1,0,0,1
1000:5e46,FUN_1000_5e46,33,1,1,1
1000:5e67,FUN_1000_5e67,26,2,0,1
1000:5e82,FUN_1000_5e82,1,0,0,1
1000:5e83,FUN_1000_5e83,3,0,1,1
1000:5e86,FUN_1000_5e86,2,0,1,1
1000:5e88,FUN_1000_5e88,65,1,1,1
1000:5ebc,FUN_1000_5ebc,13,0,1,1
1000:5ed7,FUN_1000_5ed7,34,0,0,1
1000:5f13,FUN_1000_5f13,16,0,1,1
1000:5f1a,FUN_1000_5f1a,1,0,1,1
1000:5f28,FUN_1000_5f28,14,0,0,1
1000:5f36,FUN_1000_5f36,27,0,0,1
1000:5f51,FUN_1000_5f51,5,0,1,1
1000:5f56,FUN_1000_5f56,12,0,1,1
1000:5f7d,FUN_1000_5f7d,11,0,0,1
1000:5f85,FUN_1000_5f85,22,0,0,1
1000:5f9b,FUN_1000_5f9b,5,1,0,1
1000:5fa0,FUN_1000_5fa0,10,0,0,1
1000:5faa,FUN_1000_5faa,3,1,0,1
1000:5fad,FUN_1000_5fad,24,0,0,1
1000:5fcb,FUN_1000_5fcb,7,0,1,1
1000:5fe0,thunk_FUN_1000_6259,3,0,0,1
1000:5fff,FUN_1000_5fff,20,0,1,1
1000:602a,FUN_1000_602a,14,1,1,1
1000:604c,FUN_1000_604c,14,0,0,1
1000:6065,FUN_1000_6065,11,0,1,1
1000:6070,FUN_1000_6070,11,0,1,1
1000:607b,FUN_1000_607b,26,0,0,1
1000:6095,FUN_1000_6095,11,0,1,1
1000:60a5,FUN_1000_60a5,6,0,1,1
1000:60bb,FUN_1000_60bb,4,0,0,1
1000:60c1,FUN_1000_60c1,34,0,1,1
1000:60d8,FUN_1000_60d8,5,0,0,1
1000:60dd,FUN_1000_60dd,6,0,0,1
1000:60e9,FUN_1000_60e9,3,0,1,1
1000:60ec,FUN_1000_60ec,4,0,1,1
1000:60f0,FUN_1000_60f0,17,0,0,1
1000:6132,FUN_1000_6132,26,0,1,1
1000:6153,FUN_1000_6153,6,0,1,1
1000:6159,FUN_1000_6159,23,1,0,1
1000:6184,FUN_1000_6184,26,2,1,1
1000:619e,FUN_1000_619e,4,1,1,1
1000:61a2,FUN_1000_61a2,27,0,1,1
1000:61bd,FUN_1000_61bd,12,0,1,1
1000:61cb,FUN_1000_61cb,18,0,1,1
1000:61da,FUN_1000_61da,80,0,1,1
1000:6217,FUN_1000_6217,39,1,1,1
1000:6259,FUN_1000_6259,29,0,0,1
1000:6276,FUN_1000_6276,6,0,1,1
1000:627c,FUN_1000_627c,119,1,0,1
1000:6339,FUN_1000_6339,124,0,0,1
1000:6390,FUN_1000_6390,26,0,1,1
1000:63f1,FUN_1000_63f1,54,0,1,1
1000:6427,FUN_1000_6427,57,0,1,1
1000:656f,thunk_FUN_1000_6571,2,0,1,1
1000:6571,FUN_1000_6571,2,0,0,1
1000:658a,FUN_1000_658a,4,0,0,1
1000:659f,FUN_1000_659f,12,0,0,1
1000:65fc,FUN_1000_65fc,54,0,0,1
1000:661b,FUN_1000_661b,129,1,1,1
1000:669c,FUN_1000_669c,4,0,1,1
1000:66a0,FUN_1000_66a0,14,0,1,1
1000:66ec,FUN_1000_66ec,5,0,0,1
1000:674a,FUN_1000_674a,176,4,0,1
1000:67c9,FUN_1000_67c9,68,0,1,1
1000:682e,FUN_1000_682e,8,0,1,1
1000:6844,FUN_1000_6844,1,0,1,1
1000:6845,FUN_1000_6845,19,0,1,1
1000:685d,FUN_1000_685d,2,0,0,1
1000:68b7,FUN_1000_68b7,55,0,0,1
1000:68ed,FUN_1000_68ed,69,1,0,1
1000:6960,FUN_1000_6960,9,0,0,1
1000:6986,FUN_1000_6986,11,0,1,1
1000:6994,FUN_1000_6994,38,2,0,1
1000:69bc,FUN_1000_69bc,10,0,1,1
1000:69c7,FUN_1000_69c7,29,0,1,1
1000:69e5,FUN_1000_69e5,3,0,0,1
1000:69fa,FUN_1000_69fa,9,0,0,1
1000:6a1f,FUN_1000_6a1f,1,0,0,1
1000:6a2a,FUN_1000_6a2a,1,0,1,1
1000:6ab8,FUN_1000_6ab8,4,0,1,1
1000:6b3d,FUN_1000_6b3d,18,0,1,1
1000:6b3e,FUN_1000_6b3e,112,3,1,1
1000:6ba9,FUN_1000_6ba9,1,0,1,1
1000:6baa,FUN_1000_6baa,24,0,1,1
1000:6bca,FUN_1000_6bca,8,0,1,1
1000:6bd2,FUN_1000_6bd2,42,0,0,1
1000:6bf9,FUN_1000_6bf9,3,0,0,1
1000:6bfc,FUN_1000_6bfc,40,0,1,1
1000:6c27,FUN_1000_6c27,5,0,0,1
1000:6c2c,FUN_1000_6c2c,1,0,0,1
1000:6c45,FUN_1000_6c45,1,0,0,1
1000:6c53,FUN_1000_6c53,9,0,0,1
1000:6c57,FUN_1000_6c57,3,0,0,1
1000:6c5b,FUN_1000_6c5b,1,0,1,1
1000:6c62,FUN_1000_6c62,10,0,0,1
1000:6c94,FUN_1000_6c94,14,1,0,1
1000:6cd2,FUN_1000_6cd2,33,0,1,1
1000:6ce0,FUN_1000_6ce0,25,0,0,1
1000:6cf9,FUN_1000_6cf9,24,1,1,1
1000:6d11,FUN_1000_6d11,25,0,0,1
1000:6d2a,FUN_1000_6d2a,19,0,1,1
1000:6d3d,FUN_1000_6d3d,7,0,1,1
1000:6d44,FUN_1000_6d44,3,0,1,1
1000:6d47,FUN_1000_6d47,129,1,0,1
1000:6dca,FUN_1000_6dca,4,0,1,1
1000:6dce,FUN_1000_6dce,15,0,1,1
1000:6ddd,FUN_1000_6ddd,7,0,0,1
1000:6de4,FUN_1000_6de4,11,0,0,1
1000:6def,FUN_1000_6def,17,0,0,1
1000:6e0c,FUN_1000_6e0c,14,1,2,1
1000:6e1a,FUN_1000_6e1a,5,0,1,1
1000:6e1f,FUN_1000_6e1f,28,1,1,1
1000:6e3b,FUN_1000_6e3b,4,0,1,1
1000:6e3f,FUN_1000_6e3f,5,0,2,1
1000:6e44,FUN_1000_6e44,8,0,0,1
1000:6e4c,FUN_1000_6e4c,15,0,0,1
1000:6e71,FUN_1000_6e71,8,0,1,1
1000:6e79,FUN_1000_6e79,3,1,0,1
1000:6e7c,FUN_1000_6e7c,4,0,0,1
1000:6e80,FUN_1000_6e80,3,0,0,1
1000:6e83,FUN_1000_6e83,11,0,0,1
1000:6e8e,FUN_1000_6e8e,12,0,1,1
1000:6e9a,FUN_1000_6e9a,96,2,0,1
1000:6eed,FUN_1000_6eed,3,0,0,1
1000:6ef0,FUN_1000_6ef0,13,0,0,1
1000:6efe,FUN_1000_6efe,2,0,1,1
1000:7036,FUN_1000_7036,17,0,0,1
1000:7056,FUN_1000_7056,82,0,0,1
1000:710b,FUN_1000_710b,4,0,1,1
1000:712e,FUN_1000_712e,16,0,1,1
1000:7147,FUN_1000_7147,23,0,0,1
1000:7157,FUN_1000_7157,86,0,1,1
1000:71ad,FUN_1000_71ad,3,0,2,1
1000:71b0,FUN_1000_71b0,3,0,0,1
1000:71b3,FUN_1000_71b3,8,0,0,1
1000:71bb,FUN_1000_71bb,4,0,0,1
1000:71bf,FUN_1000_71bf,5,0,0,1
1000:71c4,FUN_1000_71c4,21,1,1,1
1000:71d9,FUN_1000_71d9,21,0,1,1
1000:71f7,FUN_1000_71f7,32,0,0,1
1000:722d,FUN_1000_722d,1,0,0,1
1000:722e,FUN_1000_722e,12,0,0,1
1000:7245,FUN_1000_7245,7,0,1,1
1000:7252,FUN_1000_7252,2,0,0,1
1000:7254,FUN_1000_7254,4,0,1,1
1000:7258,FUN_1000_7258,9,0,1,1
1000:7261,FUN_1000_7261,14,0,0,1
1000:7279,FUN_1000_7279,12,1,0,1
1000:7285,FUN_1000_7285,18,0,1,1
1000:7297,FUN_1000_7297,12,0,1,1
1000:72b7,FUN_1000_72b7,19,0,1,1
1000:72e3,FUN_1000_72e3,183,0,1,1
1000:72f8,FUN_1000_72f8,67,0,1,1
1000:73ea,FUN_1000_73ea,65,0,1,1
1000:743c,FUN_1000_743c,1,0,1,1
1000:7494,FUN_1000_7494,1,0,1,1
1000:74a3,FUN_1000_74a3,1,0,1,1
1000:74aa,FUN_1000_74aa,2,0,1,1
1000:74cd,FUN_1000_74cd,6,0,0,1
1000:7526,FUN_1000_7526,1,0,1,1
1000:755f,FUN_1000_755f,1,0,0,1
1000:75c3,FUN_1000_75c3,5,0,1,1
1000:75c8,FUN_1000_75c8,13,0,0,1
1000:75da,FUN_1000_75da,19,0,0,1
1000:75ed,FUN_1000_75ed,4,0,0,1
1000:75f2,FUN_1000_75f2,3,0,0,1
1000:7601,FUN_1000_7601,32,0,0,1
1000:7621,FUN_1000_7621,7,0,0,1
1000:7641,FUN_1000_7641,20,0,0,1
1000:7660,FUN_1000_7660,32,0,1,1
1000:7676,FUN_1000_7676,15,0,1,1
1000:7685,FUN_1000_7685,4,0,0,1
1000:7689,FUN_1000_7689,54,0,1,1
1000:76c3,FUN_1000_76c3,38,0,1,1
1000:76e9,FUN_1000_76e9,2,0,1,1
1000:76f2,FUN_1000_76f2,1,0,1,1
1000:76f4,FUN_1000_76f4,11,0,1,1
1000:76f6,FUN_1000_76f6,1,0,0,1
1000:7700,FUN_1000_7700,2,0,0,1
1000:7702,FUN_1000_7702,25,0,0,1
1000:771b,FUN_1000_771b,2,0,1,1
1000:771d,FUN_1000_771d,4,0,1,1
1000:7721,FUN_1000_7721,13,0,1,1
1000:772e,FUN_1000_772e,7,0,1,1
1000:7735,FUN_1000_7735,7,0,0,1
1000:774c,FUN_1000_774c,14,1,1,1
1000:7767,FUN_1000_7767,6,0,1,1
1000:778e,FUN_1000_778e,40,2,0,1
1000:779e,FUN_1000_779e,10,0,1,1
1000:77b3,thunk_FUN_1000_77b5,2,0,0,1
1000:77b5,FUN_1000_77b5,12,0,0,1
1000:77c1,FUN_1000_77c1,37,4,1,1
1000:77e5,FUN_1000_77e5,13,0,0,1
1000:77f2,FUN_1000_77f2,11,0,1,1
1000:77fd,FUN_1000_77fd,18,0,0,1
1000:7810,FUN_1000_7810,64,1,1,1
1000:7850,FUN_1000_7850,4,0,0,1
1000:785c,FUN_1000_785c,4,0,0,1
1000:7860,FUN_1000_7860,13,0,0,1
1000:786d,FUN_1000_786d,3,0,0,1
1000:7874,FUN_1000_7874,17,0,0,1
1000:7885,FUN_1000_7885,28,0,0,1
1000:78a1,FUN_1000_78a1,34,0,1,1
1000:78c3,FUN_1000_78c3,83,1,1,1
1000:78e2,FUN_1000_78e2,7,1,1,1
1000:79c3,FUN_1000_79c3,1,0,1,1
1000:7a7c,FUN_1000_7a7c,6,0,0,1
1000:7a82,FUN_1000_7a82,78,0,1,1
1000:7aa7,FUN_1000_7aa7,8,0,0,1
1000:7ae8,thunk_FUN_1000_7b7d,3,0,1,1
1000:7aec,FUN_1000_7aec,112,0,1,1
1000:7b7d,FUN_1000_7b7d,96,0,0,1
1000:7bf2,FUN_1000_7bf2,3,0,0,1
1000:7c3c,FUN_1000_7c3c,1,0,0,1
1000:7c43,FUN_1000_7c43,1,0,0,1
1000:7c45,FUN_1000_7c45,13,0,1,1
1000:7c52,FUN_1000_7c52,7,0,0,1
1000:7ccc,FUN_1000_7ccc,114,0,1,1
1000:7f36,FUN_1000_7f36,74,3,0,1
1000:7f80,FUN_1000_7f80,16,0,1,1
1000:801d,FUN_1000_801d,27,0,0,1
1000:807d,FUN_1000_807d,3,0,1,1
1000:80e8,FUN_1000_80e8,3,0,1,1
1000:812c,FUN_1000_812c,70,6,1,1
1000:816c,FUN_1000_816c,26,1,1,1
1000:8194,FUN_1000_8194,90,1,1,1
1000:822d,FUN_1000_822d,99,3,1,1
1000:828e,FUN_1000_828e,99,7,1,1
1000:82eb,FUN_1000_82eb,8,0,0,1
1000:8360,FUN_1000_8360,81,1,1,1
1000:83b9,FUN_1000_83b9,9,1,1,1
1000:8401,FUN_1000_8401,10,0,1,0
1000:840b,FUN_1000_840b,4,0,1,1
1000:840f,FUN_1000_840f,21,0,1,1
1000:842c,FUN_1000_842c,9,0,1,1
1000:8435,FUN_1000_8435,30,0,1,1
1000:84d0,FUN_1000_84d0,4,0,0,1
1000:856d,FUN_1000_856d,8,0,0,1
1000:8576,FUN_1000_8576,3,0,1,1
1000:8579,FUN_1000_8579,22,0,1,1
1000:85e0,FUN_1000_85e0,17,0,1,1
1000:85f2,FUN_1000_85f2,15,0,1,1
1000:8656,FUN_1000_8656,83,1,0,1
1000:86c1,FUN_1000_86c1,149,0,0,1
1000:8759,FUN_1000_8759,47,0,1,1
1000:8794,FUN_1000_8794,9,0,1,1
1000:879d,FUN_1000_879d,3,0,0,1
1000:87a0,FUN_1000_87a0,86,0,1,1
1000:87bd,FUN_1000_87bd,7,0,1,1
1000:8844,FUN_1000_8844,21,1,1,1
1000:8859,FUN_1000_8859,72,0,1,1
1000:8860,thunk_FUN_1000_88e6,3,0,1,1
1000:88e0,FUN_1000_88e0,9,0,1,1
1000:88e6,FUN_1000_88e6,13,0,0,1
1000:8903,FUN_1000_8903,2,0,1,1
1000:8909,FUN_1000_8909,2,0,0,1
1000:8940,FUN_1000_8940,5,0,1,1
1000:8945,FUN_1000_8945,10,0,0,1
1000:895a,FUN_1000_895a,56,0,1,1
1000:899f,FUN_1000_899f,26,0,1,1
1000:89b9,FUN_1000_89b9,4,0,0,1
1000:89c6,FUN_1000_89c6,6,0,0,1
1000:89cd,FUN_1000_89cd,6,0,1,1
1000:89d3,FUN_1000_89d3,25,0,0,1
1000:89ec,FUN_1000_89ec,102,0,0,1
1000:8a1a,FUN_1000_8a1a,9,0,1,1
1000:8a2a,FUN_1000_8a2a,41,0,1,1
1000:8a53,FUN_1000_8a53,9,0,0,1
1000:8a5c,FUN_1000_8a5c,16,0,1,1
1000:8a81,FUN_1000_8a81,1,0,1,1
1000:8a82,FUN_1000_8a82,3,0,0,1
1000:8add,FUN_1000_8add,45,0,1,1
1000:8afb,FUN_1000_8afb,23,0,1,1
1000:8b12,FUN_1000_8b12,4,0,0,1
1000:8b17,FUN_1000_8b17,5,0,1,1
1000:8b29,FUN_1000_8b29,3,0,0,1
1000:8bcb,FUN_1000_8bcb,91,2,1,1
1000:8bd2,FUN_1000_8bd2,2,0,1,1
1000:8bd4,FUN_1000_8bd4,72,0,0,1
1000:8c11,FUN_1000_8c11,36,0,1,1
1000:8c48,FUN_1000_8c48,3,0,0,1
1000:8c60,FUN_1000_8c60,7,0,0,1
1000:8c67,FUN_1000_8c67,35,0,0,1
1000:8cb5,FUN_1000_8cb5,2,0,0,1
1000:8cb7,FUN_1000_8cb7,25,1,0,1
1000:8cd0,FUN_1000_8cd0,27,0,1,1
1000:8cec,FUN_1000_8cec,40,2,1,1
1000:8d15,FUN_1000_8d15,1,0,1,1
1000:8d16,FUN_1000_8d16,24,0,1,1
1000:8d2e,FUN_1000_8d2e,22,1,0,1
1000:8d53,FUN_1000_8d53,43,1,1,1
1000:8d7e,FUN_1000_8d7e,14,0,0,1
1000:8d9b,FUN_1000_8d9b,18,0,0,1
1000:8da3,FUN_1000_8da3,3,0,1,1
1000:8da7,FUN_1000_8da7,8,0,1,1
1000:8daf,FUN_1000_8daf,20,0,1,1
1000:8dc3,FUN_1000_8dc3,17,0,1,1
1000:8dd4,FUN_1000_8dd4,42,0,1,1
1000:8e49,FUN_1000_8e49,8,0,0,1
1000:8ea9,FUN_1000_8ea9,42,0,1,1
1000:8ee5,FUN_1000_8ee5,6,0,0,1
1000:8ef0,FUN_1000_8ef0,23,0,1,1
1000:8f07,FUN_1000_8f07,1,0,1,1
1000:8f08,FUN_1000_8f08,2,0,0,1
1000:8f0d,FUN_1000_8f0d,11,0,1,1
1000:8f18,FUN_1000_8f18,16,0,0,1
1000:8f5c,FUN_1000_8f5c,92,0,1,1
1000:8f9d,FUN_1000_8f9d,1,0,1,1
1000:8ffe,FUN_1000_8ffe,10,0,1,1
1000:900a,FUN_1000_900a,2,0,1,1
1000:900c,FUN_1000_900c,57,1,1,1
1000:90bb,FUN_1000_90bb,105,3,1,1
1000:9127,FUN_1000_9127,8,0,1,1
1000:9131,FUN_1000_9131,41,1,1,1
1000:915b,FUN_1000_915b,8,2,1,1
1000:9163,FUN_1000_9163,3,0,1,1
1000:9166,FUN_1000_9166,5,0,0,1
1000:9171,FUN_1000_9171,64,5,1,1
1000:91ac,FUN_1000_91ac,6,1,0,1
1000:91b2,FUN_1000_91b2,25,3,0,1
1000:91d1,FUN_1000_91d1,66,5,1,1
1000:9213,FUN_1000_9213,28,3,0,1
1000:9239,FUN_1000_9239,48,1,1,1
1000:92b2,FUN_1000_92b2,63,2,1,1
1000:92f2,FUN_1000_92f2,111,1,1,1
1000:92fb,FUN_1000_92fb,14,1,0,1
1000:9309,FUN_1000_9309,28,1,0,1
1000:93bb,FUN_1000_93bb,40,4,0,1
1000:94a6,FUN_1000_94a6,30,1,1,1
1000:94ac,FUN_1000_94ac,14,1,0,1
1000:94bb,FUN_1000_94bb,6,0,1,1
1000:9510,FUN_1000_9510,23,1,1,1
1000:9527,FUN_1000_9527,11,2,0,1
1000:95a6,FUN_1000_95a6,31,1,0,1
1000:95c5,FUN_1000_95c5,62,2,1,1
1000:960e,FUN_1000_960e,3,1,0,1
1000:9611,FUN_1000_9611,49,2,1,1
1000:9650,FUN_1000_9650,39,0,0,1
1000:967a,FUN_1000_967a,6,0,1,1
1000:9680,FUN_1000_9680,27,1,0,1
1000:96a0,FUN_1000_96a0,4,0,0,1
1000:96a4,FUN_1000_96a4,2,0,0,1
1000:96ed,FUN_1000_96ed,3,0,0,1
1000:96f1,FUN_1000_96f1,1,0,0,1
1000:9749,FUN_1000_9749,57,3,1,1
1000:977d,FUN_1000_977d,8,1,0,1
1000:983c,FUN_1000_983c,7,0,0,1
1000:9883,FUN_1000_9883,59,5,1,1
1000:98d3,FUN_1000_98d3,78,4,1,1
1000:99d8,FUN_1000_99d8,110,2,1,1
1000:9a3d,FUN_1000_9a3d,3,0,0,1
1000:9ab5,FUN_1000_9ab5,68,0,1,1
1000:9b7a,FUN_1000_9b7a,247,5,1,1
1000:9d17,FUN_1000_9d17,104,3,0,1
1000:9ea6,FUN_1000_9ea6,5,0,1,1
1000:9eb2,FUN_1000_9eb2,111,2,1,1
1000:9f21,FUN_1000_9f21,17,1,1,1
1000:9f38,FUN_1000_9f38,168,6,1,1
1000:9fe0,FUN_1000_9fe0,43,5,1,1
1000:a08e,FUN_1000_a08e,125,4,1,1
1000:a09a,FUN_1000_a09a,30,0,1,1
1000:a0b8,FUN_1000_a0b8,79,1,0,1
1000:a120,FUN_1000_a120,74,4,1,1
1000:a1b8,FUN_1000_a1b8,63,1,1,1
1000:a1c4,FUN_1000_a1c4,157,4,0,1
1000:a27b,FUN_1000_a27b,10,0,1,1
1000:a307,FUN_1000_a307,136,9,0,1
1000:a393,FUN_1000_a393,26,0,1,1
1000:a3c1,FUN_1000_a3c1,31,5,1,1
1000:a3fe,FUN_1000_a3fe,1,0,1,1
1000:a3ff,FUN_1000_a3ff,3,0,0,1
1000:a403,FUN_1000_a403,14,0,0,1
1000:a413,FUN_1000_a413,37,0,1,1
